Name,Broad Field,URL,Cite Score,Impact Factor,Description,Misc
American Journal of Sociology,Sociology,https://www.journals.uchicago.edu/toc/ajs/current,,,A leading journal in sociology with a broad focus on sociological research.,
Sociological Review,Sociology,https://onlinelibrary.wiley.com/journal/1467954x,,,Publishes high-quality research across all areas of sociology.,
Social Forces,Sociology,https://academic.oup.com/sf,,,Focuses on social theory and empirical research in sociology.,
Journal of Sociology and Social Welfare,Sociology,https://www.jstor.org/journal/josociasocwelf,,,Dedicated to research on social welfare and its impact on society.,
Social Science Research,Sociology,https://www.journals.elsevier.com/social-science-research,,,Provides a platform for research in social science methods and theory.,
Annual Review of Sociology,Sociology,https://www.annualreviews.org/journal/soc,,,Reviews significant developments in sociology and related fields.,
Social Problems,Sociology,https://academic.oup.com/socpro,,,Addresses contemporary social issues and problems.,
Sociology of Education,Sociology,https://journals.sagepub.com/home/soe,,,Examines educational institutions and processes from a sociological perspective.,
Journal of Marriage and Family,Sociology,https://onlinelibrary.wiley.com/journal/17413737,,,Focuses on research related to family and marital relationships.,
Gender & Society,Sociology,https://journals.sagepub.com/home/gas,,,Explores gender and sexuality issues in social contexts.,
American Political Science Review,Political Science,https://www.cambridge.org/core/journals/american-political-science-review,,,Covers a broad range of political science research and theory.,
Journal of Politics,Political Science,https://academic.oup.com/jop,,,Publishes research on all areas of political science.,
Political Science Quarterly,Political Science,https://www.psqonline.org/,,,Features scholarly articles on political science theory and practice.,
Public Opinion Quarterly,Political Science,https://academic.oup.com/poq,,,Focuses on the field of public opinion research.,
International Organization,Political Science,https://www.cambridge.org/core/journals/international-organization,,,Addresses international relations and global governance issues.,
American Economic Review,Economics,https://www.aeaweb.org/journals/aer,,,Publishes research across all areas of economics.,
Quarterly Journal of Economics,Economics,https://academic.oup.com/qje,,,Features significant research on economic theory and practice.,
Journal of Political Economy,Economics,https://www.jstor.org/journal/jpolieco,,,Covers all areas of economic theory and policy.,
Econometrica,Economics,https://www.econometricsociety.org/publications/econometrica,,,Features research on econometrics and statistical methods in economics.,
Review of Economic Studies,Economics,https://academic.oup.com/restud,,,Publishes innovative research in economic theory and practice.,
Psychological Review,Psychology,https://www.apa.org/pubs/journals/rev,,,Focuses on theoretical contributions to psychology.,
Journal of Personality and Social Psychology,Psychology,https://www.apa.org/pubs/journals/psp,,,Covers research in personality and social psychology.,
Developmental Psychology,Psychology,https://www.apa.org/pubs/journals/dev,,,Focuses on developmental psychology research.,
Social Psychological and Personality Science,Psychology,https://journals.sagepub.com/home/spq,,,Explores social psychology and personality research.,
Health Psychology,Psychology,https://psycnet.apa.org/journal/hea,,,Examines psychological aspects of health and illness.,
American Anthropologist,Anthropology,https://anthrosource.onlinelibrary.wiley.com/journal/15481433,,,Covers research across all areas of anthropology.,
Current Anthropology,Anthropology,https://www.jstor.org/journal/curanth,,,Features current research and theoretical discussions in anthropology.,
Journal of Anthropological Research,Anthropology,https://www.jstor.org/journal/janthresearch,,,Publishes anthropological research from diverse subfields.,
Cultural Anthropology,Anthropology,https://onlinelibrary.wiley.com/journal/15481474,,,Focuses on contemporary cultural anthropology research.,
Ethnology,Anthropology,https://www.jstor.org/journal/ethnology,,,Explores ethnographic and theoretical research in anthropology.,
Review of Educational Research,Education,https://journals.sagepub.com/home/rer,,,Provides comprehensive reviews of educational research.,
Educational Evaluation and Policy Analysis,Education,https://journals.sagepub.com/home/eepa,,,Focuses on educational policy and evaluation research.,
Journal of Educational Psychology,Education,https://www.apa.org/pubs/journals/edu,,,Covers research in educational psychology.,
American Educational Research Journal,Education,https://journals.sagepub.com/home/aer,,,Publishes research on educational theory and practice.,
Teaching and Teacher Education,Education,https://www.jstor.org/journal/teacheduc,,,Focuses on teacher education and pedagogical research.,
Progress in Human Geography,Geography,https://journals.sagepub.com/home/phg,,,Publishes critical reviews and advancements in human geography.,
Annals of the Association of American Geographers,Geography,https://www.tandfonline.com/toc/rtag20/current,,,Covers a wide range of geographical research.,
Social & Cultural Geography,Geography,https://www.tandfonline.com/toc/rcg20/current,,,Focuses on the social and cultural aspects of geography.,
Transactions of the Institute of British Geographers,Geography,https://onlinelibrary.wiley.com/journal/14752749,,,Explores geographical research and methods.,
Urban Studies,Geography,https://journals.sagepub.com/home/usj,,,Focuses on urban research and issues.,
Journal of Communication,Communication,https://academic.oup.com/joc,,,Covers research across all areas of communication.,
Communication Research,Communication,https://academic.oup.com/cr,,,Features research on communication processes and effects.,
Human Communication Research,Communication,https://onlinelibrary.wiley.com/journal/14682858,,,Explores human communication and its implications.,
Media Psychology,Communication,https://www.tandfonline.com/toc/hmps20/current,,,Focuses on the psychological aspects of media and communication.,
International Journal of Communication,Communication,https://ijoc.org/index.php/ijoc,,,Covers research in all areas of communication and media studies.,
American Journal of Public Health,Public Health,https://ajph.aphapublications.org/,,,Focuses on public health research and policy.,
Public Health Reports,Public Health,https://journals.sagepub.com/home/phr,,,Publishes research and reviews on public health issues.,
Social Science & Medicine,Public Health,https://www.journals.elsevier.com/social-science-and-medicine,,,Explores the intersections of social science and health.,
Health Affairs,Public Health,https://www.healthaffairs.org/,,,Focuses on health policy and research.,
Journal of Public Health,Public Health,https://academic.oup.com/jph,,,Publishes research on public health practice and policy.,
Journal of Social Issues,General Social Science,https://onlinelibrary.wiley.com/journal/15404560,,,Addresses a range of social issues from multiple perspectives.,
Social Science Quarterly,General Social Science,https://www.jstor.org/journal/socsciquart,,,Publishes research on a variety of social science topics.,
Theory and Society,Sociology,https://link.springer.com/journal/11186,,,Focuses on theoretical research in sociology.,
American Sociological Review,Sociology,https://journals.sagepub.com/home/asr,,,Publishes research on sociological theory and empirical research.,
Journal of Conflict Resolution,Political Science,https://journals.sagepub.com/home/jcr,,,Focuses on research related to conflict resolution and management.,
Political Analysis,Political Science,https://academic.oup.com/pan,,,Covers methods and techniques in political science research.,
Journal of Economic Literature,Economics,https://www.aeaweb.org/journals/jel,,,Provides reviews and summaries of economic research.,
Journal of Economic Perspectives,Economics,https://www.aeaweb.org/journals/jep,,,Offers articles on economic theory and policy issues.,
Journal of Experimental Psychology: General,Psychology,https://www.apa.org/pubs/journals/xge,,,Covers research in experimental psychology.,
Journal of Applied Psychology,Psychology,https://www.apa.org/pubs/journals/apl,,,Focuses on research related to applied psychology.,
American Ethnologist,Anthropology,https://anthrosource.onlinelibrary.wiley.com/journal/15481484,,,Publishes research in cultural and social anthropology.,
Journal of the Royal Anthropological Institute,Anthropology,https://onlinelibrary.wiley.com/journal/14679853,,,Focuses on anthropological research and theory.,
Journal of Research in Science Teaching,Education,https://onlinelibrary.wiley.com/journal/10982736,,,Covers research in science education.,
Geoforum,Geography,https://www.jstor.org/journal/geoforum,,,Focuses on geographical research and discussions.,
The Professional Geographer,Geography,https://www.tandfonline.com/toc/uptg20/current,,,Explores professional and applied geography research.,
Journal of Broadcasting & Electronic Media,Communication,https://www.tandfonline.com/toc/hbem20/current,,,Covers research in broadcasting and electronic media.,
Communication Theory,Communication,https://onlinelibrary.wiley.com/journal/14682885,,,Focuses on theoretical advancements in communication research.,
Preventive Medicine,Public Health,https://www.journals.elsevier.com/preventive-medicine,,,Focuses on preventive health research and interventions.,
Journal of Epidemiology and Community Health,Public Health,https://jech.bmj.com/,,,Publishes research on epidemiology and community health.,
Nature,Multidisciplinary,https://www.nature.com/nature,69.8,42.54,The world's leading multidisciplinary science journal.,
Nature Communications,Multidisciplinary,https://www.nature.com/ncomms,15.0,14.91,An open-access journal that publishes high-quality research across all areas of the natural sciences.,
Nature Medicine,Medicine,https://www.nature.com/nm,27.6,53.44,Focuses on the latest research in all areas of clinical and translational medicine.,
Nature Biotechnology,Biotechnology,https://www.nature.com/nbt,20.1,58.08,Publishes research in all aspects of biotechnology.,
Nature Physics,Physics,https://www.nature.com/nphys,20.1,21.63,"Features research in all areas of physics, including theoretical and experimental studies.",
Nature Chemistry,Chemistry,https://www.nature.com/nchem,17.4,26.12,Publishes research in all areas of chemistry.,
Nature Materials,Materials Science,https://www.nature.com/nmat,17.4,39.30,"Focuses on research in materials science, including experimental and theoretical studies.",
Nature Reviews Molecular Cell Biology,Cell Biology,https://www.nature.com/nrm,35.2,50.16,Provides reviews of the latest research in molecular and cell biology.,
Nature Structural & Molecular Biology,Structural Biology,https://www.nature.com/nsmb,12.8,11.73,Covers research on the structure and function of biological macromolecules.,
Nature Reviews Drug Discovery,Pharmacology,https://www.nature.com/nrd,23.7,52.45,Reviews the latest developments in drug discovery and development.,
Nature Reviews Genetics,Genetics,https://www.nature.com/nrg,38.4,49.55,"Covers reviews in genetics and genomics, focusing on major advances and controversies.",
Nature Reviews Immunology,Immunology,https://www.nature.com/nri,35.2,49.62,Provides reviews on the latest research in immunology.,
Nature Reviews Microbiology,Microbiology,https://www.nature.com/nrmicro,30.6,47.09,Reviews significant research in microbiology and microbial pathogenesis.,
Nature Reviews Neuroscience,Neuroscience,https://www.nature.com/nrn,39.2,41.47,Focuses on comprehensive reviews of the latest research in neuroscience.,
Nature Reviews Physics,Physics,https://www.nature.com/nrphys,32.0,50.80,Covers reviews of significant developments in physics.,
Nature Reviews Clinical Oncology,Oncology,https://www.nature.com/nrclinonc,29.5,37.36,Provides reviews on clinical oncology and cancer treatment.,
Nature Reviews Cardiology,Cardiology,https://www.nature.com/nrcardio,25.6,37.20,Focuses on reviews of advances and research in cardiology.,
Nature Reviews Endocrinology,Endocrinology,https://www.nature.com/nrendo,28.4,37.19,Reviews research in endocrinology and related areas.,
Nature Reviews Nephrology,Nephrology,https://www.nature.com/nrneph,23.6,26.73,Provides insights into recent research in nephrology.,
Nature Reviews Rheumatology,Rheumatology,https://www.nature.com/nrrheum,21.7,28.81,Covers advances in rheumatology and related diseases.,
Cell,Cell Biology,https://www.cell.com/cell,30.1,38.63,Covers the latest research in cell biology and molecular biology.,
Science,Multidisciplinary,https://www.sciencemag.org,37.0,41.84,"A leading journal covering all fields of science, including physics, biology, and chemistry.",
The Lancet,Medicine,https://www.thelancet.com,48.0,59.39,Publishes cutting-edge research in clinical medicine and public health.,
Journal of the American Medical Association (JAMA),Medicine,https://jamanetwork.com/journals/jama,25.4,56.27,Covers a wide range of medical and health-related topics.,
New England Journal of Medicine (NEJM),Medicine,https://www.nejm.org,42.0,91.25,Publishes high-impact research in clinical medicine and related disciplines.,
Nature Reviews Cancer,Oncology,https://www.nature.com/nrc,31.2,59.24,Provides reviews of research in cancer biology and treatment.,
